Año Comercial,Tramo segun ventas (18 tramos),Tramo segun ventas (13 tramos),Tramo segun ventas (5 tramos),Número de empresas,Ventas anuales en UF,Número de trabajadores dependientes informados,Renta neta informada en UF,Trabajadores ponderados por meses trabajados,Número de trabajadores dependientes de género femenino informados,"Renta neta informada en UF, trabajadores de género femenino",Trabajadores de género femenino ponderados por meses trabajados,Número de trabajadores dependientes de género masculino informados,"Renta neta informada en UF, trabajadores de género masculino",Trabajadores de género masculino ponderados por meses trabajados,Número de trabajadores a honorarios informados,Honorarios pagados informados en UF,Trabajadores a honorarios ponderados por meses trabajados,Número de trabajadores a honorarios de género femenino informados,Honorarios pagados informados a trabajadores de género femenino en UF,Trabajadores a honorarios de género femenino ponderados por meses trabajados,Número de trabajadores a honorarios de género masculino informados,Honorarios pagados informados a trabajadores de género masculino en UF,Trabajadores a honorarios de género masculino ponderados por meses trabajados
2005,Tramo 17 hasta 60.000.000 UF,Grande 4,Grande,19,811252769.55,40963,20079829.119,33992.245,11690,3751093.06,9586.165,29179,16314624.664,24337.164,10207,1013638.697,0,3186,256880.244,0,7021,751334.252,0
2005,Tramo 15 hasta 15.000.000 UF,Grande 4,Grande,341,2049380200.06,360897,98257960.296,253677.017,116694,21947572.173,79614.478,243914,76187688.547,173986.956,309726,10793520.668,0,218431,4494362.155,0,91295,6261603.017,0
2005,Tramo 18 más de 60.000.000 UF,Grande 4,Grande,18,2549220620.69,70794,45229277.305,58321.242,21014,7546374.156,16565.247,49622,37669930.916,41745.495,14927,2000313.314,0,5294,451043.237,0,9633,1541323.463,0
2005,Tramo 7 hasta 25.000 UF,Pequeña 3,Pequeña,26207,405945922.56,652349,56552368.465,354568.25,203378,18869759.208,114858.283,447737,37594256.962,239409.884,276875,17734675.716,0,110681,6706792.278,0,166194,10959546.955,0
2005,Tramo 14 hasta 3.000.000 UF,Grande 4,Grande,798,1355372220.54,476176,98759449.697,305866.149,128830,20826045.969,84466.306,345836,77754412.592,221265.091,152107,10205732.861,0,60208,3352011.343,0,91899,6819158.508,0
2005,Tramo 12 hasta 600.000 UF,Grande 2,Grande,3019,1009955163.81,760646,99141803.116,433291.561,230734,25673811.104,134816.027,528917,73318285.642,298316.116,228595,14198248.329,0,93097,4839465.643,0,135498,9301805.395,0
2005,Tramo 13 hasta 1.000.000 UF,Grande 3,Grande,688,533739568.11,300637,48530877.389,181398.43,95341,12060297.361,59769.228,205032,36432409.144,121570.785,113696,5605493.035,0,61409,2034021.212,0,52287,3545719.976,0
2005,Tramo 1 Sin ventas/Sin info.,Sin Ventas/Sin Información,Sin Ventas/Sin Información,141914,0,403053,89058342.876,342100.292,156496,34913131.693,133384.984,246052,54099121.153,208608.472,115683,9881230.527,0,51158,3954933.709,0,64525,5904887.805,0
2005,Tramo 2 hasta 200 UF,Micro 1,Micro,253525,18666069.64,74308,13504105.462,54270.071,33746,6642295.074,26215.245,40470,6856768.651,28027.743,128740,2935534.404,0,65830,1174436.547,0,62910,1747017.428,0
2005,Tramo 8 hasta 50.000 UF,Mediana 1,Mediana,10730,375487633.51,519876,53124698.397,287555.619,158328,16054863.213,89624.378,360543,37010247.035,197753.908,204995,13884872.877,0,79039,4998170.308,0,125956,8840316.87,0
2005,Tramo 4 hasta 2.400 UF,Micro 3,Micro,168296,207927620.72,336857,29197575.854,202398.009,137737,14346639.809,93056.557,198542,14826857.971,109185.951,226343,9206956.072,0,104422,3991698.081,0,121921,5188216.563,0
2005,Tramo 3 hasta 600 UF,Micro 2,Micro,155923,57171814.5,94758,10023659.779,60967.315,39143,5009406.85,27728.577,54973,5004520.89,33187.738,120344,3074287.628,0,59636,1318810.266,0,60708,1747615.483,0
2005,Tramo 10 hasta 100.000 UF,Mediana 2,Mediana,2352,203797265.22,231436,23699746.188,122836.606,78455,7018473.764,41084.063,152685,16663195.679,81696.544,96479,5166003.541,0,43023,1934513.629,0,53456,3217103.432,0
2005,Tramo 6 hasta 10.000 UF,Pequeña 2,Pequeña,35014,245883056.96,417582,29601363.863,222302.476,129558,10060356.644,72023.135,287336,19491627.248,150110.841,173889,11170340.679,0,70220,4413957.319,0,103669,6718898.109,0
2005,Tramo 11 hasta 200.000 UF,Grande 1,Grande,3805,532791036.08,524838,60453316.311,293589.618,165442,16430064.408,94805.459,358650,43960716.807,198661.743,183524,10906544.764,0,72943,3851021.733,0,110581,7012449.597,0
2005,Tramo 5 hasta 5.000 UF,Pequeña 1,Pequeña,57090,197726443.68,324007,27438964.863,182483.421,107857,11154498.362,65566.56,215591,16257628.081,116773.446,171933,12354984.222,0,71637,4555151.24,0,100296,7757891.186,0
2005,Tramo 16 hasta 30.000.000 UF,Grande 4,Grande,44,881952635.72,64287,29781865.844,52818.244,23116,7018862.243,18240.08,41062,22740170.29,34537.079,41059,2517613.724,0,20139,856915.062,0,20920,1651102.365,0
2005,Tramo 9 hasta 75.000 UF,Mediana 2,Mediana,4304,262439332.38,305428,33793712.725,171575.507,93666,9807190.658,54367.894,211206,23914581.687,117113.696,122762,7424193.527,0,48783,2570879.251,0,73979,4823746.104,0
2006,Tramo 13 hasta 1.000.000 UF,Grande 3,Grande,754,577941142.12,325254,52021655.381,193470.672,98071,12854292.516,60863.143,226655,39143217.316,132563.613,83607,5226382.188,0,35706,1809460.068,0,47901,3390088.175,0
2006,Tramo 2 hasta 200 UF,Micro 1,Micro,254681,18941962.45,75524,13968274.599,54499.488,34107,6830923.777,26361.245,41287,7129477.191,28099.909,128684,3222167.406,0,66632,1280521.095,0,62052,1934080.452,0
2006,Tramo 9 hasta 75.000 UF,Mediana 2,Mediana,4466,272608044.05,350004,34851447.361,182751.907,114466,10019737.931,59143.803,234857,24814965.304,123527.521,119434,7645112.003,0,48357,2757178.007,0,71077,4863262.317,0
2006,Tramo 6 hasta 10.000 UF,Pequeña 2,Pequeña,36859,258803039.62,457902,36251944.223,243174.798,149297,13311011.45,83313.63,307661,22906995.408,159675.919,183566,12404010.611,0,77003,5006648.861,0,106563,7361585.554,0
2006,Tramo 4 hasta 2.400 UF,Micro 3,Micro,172961,213958278.88,361032,36169106.24,214032.252,148322,18058439.564,98613.221,211998,18076484.137,115236.281,230274,9470265.156,0,108036,4070714.39,0,122238,5380205.702,0
2006,Tramo 8 hasta 50.000 UF,Mediana 1,Mediana,11343,397017501.57,561750,56478148.72,306542.938,165845,16629263.285,93502.292,394445,39796640.363,212835.647,230307,14379927.32,0,90359,5207983.147,0,139948,9132377.808,0
2006,Tramo 7 hasta 25.000 UF,Pequeña 3,Pequeña,27593,429014664.92,682370,57366789.78,367100.99,216128,18881279.486,120098.279,464801,38393384.017,246687.212,285317,18989889.966,0,113849,7233551.194,0,171468,11707059.092,0
2006,Tramo 12 hasta 600.000 UF,Grande 2,Grande,3266,1084461578.2,808030,105792729.029,454515.964,249255,27208542.554,144575.355,556942,78441880.919,309770.526,243914,14555689.008,0,102961,5111611.097,0,140953,9396814.054,0
2006,Tramo 17 hasta 60.000.000 UF,Grande 4,Grande,23,944859803.82,44087,18307058.657,34360.744,12893,3307110.727,9564.581,31083,14981715.616,24747.413,7060,644082.797,0,2283,162327.399,0,4777,478434.161,0
2006,Tramo 11 hasta 200.000 UF,Grande 1,Grande,4039,560685089.11,559760,63544240.392,309365.358,177023,17492526.642,100193.789,381422,45931007.754,209017.236,190018,11360410.241,0,81484,4124537.735,0,108534,7187238.653,0
2006,Tramo 15 hasta 15.000.000 UF,Grande 4,Grande,385,2364960200.28,416513,111179447.566,284679.338,142992,26243046.611,93583.054,271883,84781172.661,191004.535,322745,11099609.791,0,227493,4576555.732,0,95252,6494183.012,0
2006,Tramo 5 hasta 5.000 UF,Pequeña 1,Pequeña,59519,206065655.28,324363,22798898.409,177224.502,106404,8555376.916,62231.892,217424,14216878.858,114838.694,177316,12897195.391,0,75600,4869766.625,0,101716,7990290.2,0
2006,Tramo 10 hasta 100.000 UF,Mediana 2,Mediana,2434,209974503.36,243659,26855269.774,131967.27,83107,8295488.038,45667.145,159678,18528618.051,86227.125,104344,5534979.056,0,43378,2058216.868,0,60966,3459724.827,0
2006,Tramo 14 hasta 3.000.000 UF,Grande 4,Grande,903,1519201374.43,579444,110685000.76,360760.703,169043,25251364.144,108294.297,408832,85191404.912,252293.824,207114,12123217.393,0,101227,4365214.334,0,105887,7727326.214,0
2006,Tramo 16 hasta 30.000.000 UF,Grande 4,Grande,45,933865759.38,68424,29326732.72,53127.325,24152,6625170.5,17955.58,43984,22671755.743,35131.162,44798,2429994.9,0,22400,839593.882,0,22398,1584927.766,0
2006,Tramo 18 más de 60.000.000 UF,Grande 4,Grande,21,3148141770.75,83722,65243077.605,72365.66,26439,10846533.062,21419.58,57208,54385654.448,50937.745,21271,2305283.955,0,7563,523215.109,0,13708,1773345.332,0
2006,Tramo 3 hasta 600 UF,Micro 2,Micro,157853,57988001.22,92269,9480909.143,57474.314,37940,4666082.586,25979.993,54126,4808826.798,31460.238,120650,3015541.192,0,61175,1291719.431,0,59475,1717539.803,0
2006,Tramo 1 Sin ventas/Sin info.,Sin Ventas/Sin Información,Sin Ventas/Sin Información,145571,0,428538,95603695.173,358596.459,171469,38419223.433,143636.316,256356,57145613.642,214855.471,121086,10709803.397,0,53881,4360683.138,0,67205,6332757.242,0
2007,Tramo 10 hasta 100.000 UF,Mediana 2,Mediana,2606,224931503.23,268833,29238759.932,139617.763,89268,8743350.515,47088.81,178812,20466398.92,92462.286,94419,5570625.142,0,41213,2079966.26,0,53206,3477576.205,0
2007,Tramo 6 hasta 10.000 UF,Pequeña 2,Pequeña,39102,274381589.18,478146,36974451.126,245411.956,159471,13538848.599,84648.792,317701,23397253.055,160557.498,189920,12541101.386,0,79881,5126442.379,0,110039,7375299.853,0
2007,Tramo 8 hasta 50.000 UF,Mediana 1,Mediana,12177,426149006.22,614825,60850125.782,324930.671,198192,18684763.442,104596.615,414776,42104147.76,220120.641,238092,16353394.053,0,94823,6148912.032,0,143269,10168003.337,0
2007,Tramo 2 hasta 200 UF,Micro 1,Micro,253595,18808666.2,82432,16090752.694,59096.154,37970,8172972.612,29290.745,44307,7907143.725,29768.075,130741,3620218.712,0,67986,1497318.001,0,62755,2114558.586,0
2007,Tramo 13 hasta 1.000.000 UF,Grande 3,Grande,808,624978293.34,366599,59519112.247,213109.576,114190,15142413.498,67371.055,251303,44275277.463,145656.438,106165,6139940.33,0,53335,2258438.782,0,52830,3862456.947,0
2007,Tramo 11 hasta 200.000 UF,Grande 1,Grande,4427,618483809.85,600628,69111666.088,325023.429,200614,19518008.093,109357.449,398034,49502865.42,215516.48,187486,11649136.518,0,77527,4173140.807,0,109959,7435801.953,0
2007,Tramo 12 hasta 600.000 UF,Grande 2,Grande,3489,1161756252.35,949988,117876184.125,517434.341,309841,30672432.581,171022.671,636655,87074401.494,346220.253,236350,14328618.639,0,94330,5024535.297,0,142020,9263924.126,0
2007,Tramo 15 hasta 15.000.000 UF,Grande 4,Grande,414,2567820934.78,459125,116605473.785,304431.407,144154,25665674.014,91979.718,313348,90801351.156,212376.355,133934,8681651.807,0,55991,2864988.755,0,77943,5787847.266,0
2007,Tramo 18 más de 60.000.000 UF,Grande 4,Grande,16,2787099756.11,91613,66313881.467,78434.742,31616,12086472.332,25849.58,59869,54211090.422,52575.496,17110,2045956.678,0,6027,463037.777,0,11083,1578102.637,0
2007,Tramo 9 hasta 75.000 UF,Mediana 2,Mediana,4751,289854463.83,361027,36197311.898,192396.655,116208,10202390.337,62812.886,243879,25970520.97,129477.935,130430,7629614.58,0,52947,2757545.913,0,77483,4857705.433,0
2007,Tramo 3 hasta 600 UF,Micro 2,Micro,158054,58119878.5,88066,8915863.731,52956.814,35711,4229065.522,23548.41,52157,4681826.35,29379.321,121330,3120373.139,0,61643,1388847.204,0,59687,1721225.405,0
2007,Tramo 14 hasta 3.000.000 UF,Grande 4,Grande,946,1600507118.23,633128,125274967.7,398193.278,199194,30269494.078,128407.29,431659,94747842.712,269617.819,218302,12321509.311,0,111026,4519792.146,0,107276,7776280.828,0
2007,Tramo 5 hasta 5.000 UF,Pequeña 1,Pequeña,62154,215696468.62,353479,23496766.139,183337.407,116617,8885630.961,65251.888,236022,14593538.819,117954.52,167344,9552062.695,0,74111,4170290.32,0,93233,5364446.775,0
2007,Tramo 16 hasta 30.000.000 UF,Grande 4,Grande,51,1036885612.45,119167,41920496.572,86360.981,50750,11716490.341,35081.991,67691,30164564.886,51239.407,62853,4028015.605,0,31786,1507686.896,0,31067,2503569.444,0
2007,Tramo 4 hasta 2.400 UF,Micro 3,Micro,176883,220194397.19,379034,39274108.007,220090.83,158215,19959075.465,103656.052,220185,19290092.07,116271.278,253963,13220842.515,0,121916,5204862.349,0,132047,7990693.459,0
2007,Tramo 17 hasta 60.000.000 UF,Grande 4,Grande,29,1231617975.71,48876,20766479.833,37517.409,13758,3397046.672,10587.915,34583,17352518.526,26866.911,6569,604372.953,0,2008,139212.95,0,4561,461852.974,0
2007,Tramo 1 Sin ventas/Sin info.,Sin Ventas/Sin Información,Sin Ventas/Sin Información,145832,0,446761,102981025.659,368436.956,181534,42103884.82,150777.73,263189,60839559.331,217556.972,130017,11967122.787,0,59783,4994157.349,0,70234,6957079.74,0
2007,Tramo 7 hasta 25.000 UF,Pequeña 3,Pequeña,29509,458189422.2,717880,60494148.978,378485.894,230729,20195868.165,125832.858,485670,40235497.811,252357.704,281118,19137593.933,0,115761,7435996.345,0,165357,11662130.323,0
2008,Tramo 8 hasta 50.000 UF,Mediana 1,Mediana,12906,451900076.13,642303,63586218.122,342650.834,212059,20077232.905,115343.613,428407,43462824.341,227112.304,229305,15468250.852,0,91564,5808883.492,0,137741,9632438.549,0
2008,Tramo 13 hasta 1.000.000 UF,Grande 3,Grande,802,619051019.44,393538,61101532.584,229792.237,126798,16088904.589,77291.47,265071,44945321.473,152438.601,110642,5859604.667,0,58857,2311112.229,0,51785,3537313.366,0
2008,Tramo 4 hasta 2.400 UF,Micro 3,Micro,181275,225991791.99,378296,38901709.513,217373.159,156244,19810656.788,99538.216,221371,19066530.445,117676.361,245784,10447245.327,0,117942,4632202.446,0,127842,5799964.345,0
2008,Tramo 17 hasta 60.000.000 UF,Grande 4,Grande,37,1512027744.43,75566,33947122.882,60782.491,22348,6543782.641,17488.663,52469,27379090.267,43261.494,8691,898455.071,0,2771,199250.076,0,5920,694272.996,0
2008,Tramo 9 hasta 75.000 UF,Mediana 2,Mediana,5041,307753929.09,379063,39857780.138,204586.069,124221,11675122.798,68037.468,253669,28138983.811,136448.851,136806,8431007.082,0,56752,3164252.865,0,80054,5253132.656,0
2008,Tramo 6 hasta 10.000 UF,Pequeña 2,Pequeña,40738,286622405.33,472017,35844965.197,243754.626,158346,12986551.877,84252.793,312734,22831148.023,159341.166,192583,12481386.042,0,82644,5122057.293,0,109939,7339705.905,0
2008,Tramo 7 hasta 25.000 UF,Pequeña 3,Pequeña,31119,482991868.23,738034,61154145.813,387768.139,240888,20182092.892,129784.438,495447,40913380.013,257705.785,285359,19415719.236,0,117647,7713421.152,0,167712,11664643.314,0
2008,Tramo 16 hasta 30.000.000 UF,Grande 4,Grande,57,1165080848.37,107451,34341693.736,75079.398,44502,8663878.144,29646.075,62415,25667476.346,45427.49,25595,1609944.602,0,12047,564542.414,0,13548,1035326.15,0
2008,Tramo 1 Sin ventas/Sin info.,Sin Ventas/Sin Información,Sin Ventas/Sin Información,145672,0,467910,108770699.74,388225.623,199765,45137901.594,163697.145,266159,63598304.391,224431.474,156258,16711784.168,0,71492,6454206.724,0,84766,10233601.649,0
2008,Tramo 11 hasta 200.000 UF,Grande 1,Grande,4540,638352682.99,660593,71468456.111,340459.41,225248,20037142.748,114773.69,432847,51369953.035,225566.469,182230,11532613.041,0,73087,4234750.638,0,109143,7267318.918,0
2008,Tramo 3 hasta 600 UF,Micro 2,Micro,160478,59119384.4,108697,11976395.134,69840.811,54890,6739598.686,38763.074,53638,5232063.384,31037.988,133858,3459869.826,0,71957,1557484.21,0,61901,1897237.752,0
2008,Tramo 10 hasta 100.000 UF,Mediana 2,Mediana,2704,233906282.5,272234,29463847.24,144083.011,93157,8778392.446,50254.309,178348,20657871.694,93778.535,84517,5280005.075,0,37649,1971162.96,0,46868,3299378.36,0
2008,Tramo 14 hasta 3.000.000 UF,Grande 4,Grande,985,1659373747.88,684182,129022202.941,425327.682,224359,31714622.517,143071.533,456563,97154912.46,282140.398,182411,12250341.913,0,79692,4484396.14,0,102719,7743590.308,0
2008,Tramo 12 hasta 600.000 UF,Grande 2,Grande,3589,1190271179.15,956173,119318996.925,531909.927,315541,31341510.15,178935.838,636234,87794542.984,352741.674,231846,13762997.954,0,95710,4852944.01,0,136136,8865398.743,0
2008,Tramo 15 hasta 15.000.000 UF,Grande 4,Grande,455,2793013668.54,551732,140445892.916,366350.892,166818,32749571.417,111784.3,381897,107458616.997,254455.841,236821,11788708.476,0,126842,4258209.738,0,109979,7503654.65,0
2008,Tramo 5 hasta 5.000 UF,Pequeña 1,Pequeña,64332,222832901.47,340055,24541438.143,179341.745,113738,9219054.671,64853.389,225704,15304095.406,114361.856,168526,9616792.347,0,74992,4266590.697,0,93534,5331926.095,0
2008,Tramo 2 hasta 200 UF,Micro 1,Micro,252389,18794247.5,70024,12056043.55,48552.821,32607,6211504.472,24275.995,37256,5837319.384,24248.993,127981,3423616.584,0,68115,1486474.461,0,59866,1931983.214,0
2008,Tramo 18 más de 60.000.000 UF,Grande 4,Grande,19,4338577063.56,93608,64566561.813,79650.825,32008,12008184.933,25951.746,61402,52546277.723,53667.162,13786,1795113.722,0,4781,402683.054,0,9005,1381850.562,0
2009,Tramo 8 hasta 50.000 UF,Mediana 1,Mediana,12558,440239684,581885,65154822.877,322684.606,194578,21365911.281,111432.203,385799,43746398.221,211093.57,218650,15364170.48,0,87788,5805131.586,0,130862,9527094.937,0
2009,Tramo 10 hasta 100.000 UF,Mediana 2,Mediana,2660,229766717.09,260100,30415227.141,141163.767,88696,9236579.935,49390.728,170130,21148550.958,91686.623,80720,5290939.902,0,34118,2000329.818,0,46602,3282621.211,0
2009,Tramo 17 hasta 60.000.000 UF,Grande 4,Grande,28,1187499104.59,97275,32891382.637,70696.403,39135,8091140.577,27731.578,57099,24776658.069,42934.325,10926,1010094.23,0,3574,280105.778,0,7352,723827.608,0
2009,Tramo 9 hasta 75.000 UF,Mediana 2,Mediana,5037,308204221.07,373640,41753937.841,201677.906,126834,12960169.914,69695.718,245517,28769464.476,131894.021,138284,8333475.351,0,60672,3165561.699,0,77612,5151966.058,0
2009,Tramo 16 hasta 30.000.000 UF,Grande 4,Grande,51,1054368797.78,117077,46916433.474,89131.485,45301,11725110.123,33208.826,71343,35175013.576,55903.325,61641,3517914.42,0,31910,1388890.145,0,29731,2115582.784,0
2009,Tramo 15 hasta 15.000.000 UF,Grande 4,Grande,446,2709624488.6,494396,140164438.457,340944.242,150063,30769141.985,102939.638,342453,109237294.824,237922.354,143003,9253817.344,0,59909,3073147.669,0,83094,6157670.305,0
2009,Tramo 2 hasta 200 UF,Micro 1,Micro,253463,18891221.24,75780,15155528.809,54040.154,36970,7968298.995,27873.578,38679,7182396.152,26143.826,133856,4095517.63,0,69995,1791297.878,0,63861,2297842.005,0
2009,Tramo 13 hasta 1.000.000 UF,Grande 3,Grande,818,630406244.88,372894,66151170.516,230737.502,129015,18069763.114,81870.639,242756,48021208.223,148807.03,88955,6038015.936,0,39768,2259217.179,0,49187,3764666.5,0
2009,Tramo 1 Sin ventas/Sin info.,Sin Ventas/Sin Información,Sin Ventas/Sin Información,153525,0,476132,124434855.809,398285.787,204555,51931740.952,169137.061,270399,72468660.01,229067.724,165057,18553192.019,0,75829,7364355.558,0,89228,11169432.986,0
2009,Tramo 5 hasta 5.000 UF,Pequeña 1,Pequeña,65451,226628354.67,344279,25029983.987,182765.994,117512,9578712.864,67165.638,226028,15432152.504,115448.607,176953,10607099.681,0,78856,4712828.897,0,98097,5883142.927,0
2009,Tramo 7 hasta 25.000 UF,Pequeña 3,Pequeña,30685,476769556.6,707907,63328870.081,379842.985,235594,21463188.105,130109.525,470330,41811265.555,249422.628,285330,20186476.417,0,116366,7975423.46,0,168964,12178530.407,0
2009,Tramo 12 hasta 600.000 UF,Grande 2,Grande,3448,1149301291.81,896020,121333551.292,506697.367,301279,32380605.375,175011.761,590694,88776044.804,331508.688,206808,13204651.384,0,83747,4711344.193,0,123061,8455494.251,0
2009,Tramo 4 hasta 2.400 UF,Micro 3,Micro,183320,228322264.53,387379,45876605.925,229402.079,166679,23847396.266,110672.55,219969,22002913.48,118580.529,258097,11128612.508,0,128227,5083623.224,0,129870,6028188.141,0
2009,Tramo 11 hasta 200.000 UF,Grande 1,Grande,4451,623391001.72,590976,73671873.186,327313.52,198221,21344637.097,112689.285,390188,52280451.761,214520.401,166093,11499919.246,0,68083,4422738.761,0,98010,7051236.011,0
2009,Tramo 14 hasta 3.000.000 UF,Grande 4,Grande,994,1685012461.67,686950,140601368.509,437583.936,221979,35323098.574,149780.787,462073,105087645.98,287702.982,277107,14122836.259,0,168163,5708037.492,0,108944,8392955.792,0
2009,Tramo 6 hasta 10.000 UF,Pequeña 2,Pequeña,41018,288502027.66,468782,39076201.394,248371.88,157843,14722461.32,88172.211,309931,24324538.148,160031.418,196509,13481227.165,0,83751,5603842.675,0,112758,7859000.659,0
2009,Tramo 18 más de 60.000.000 UF,Grande 4,Grande,15,3160058740.4,71166,67789410.852,65259.163,22770,12212821.258,20239.415,48210,55562380.955,44994.498,10658,1365396.295,0,3739,303786.072,0,6919,1057094.781,0
2009,Tramo 3 hasta 600 UF,Micro 2,Micro,162680,59988900.61,90445,10049431.452,55819.648,38697,5113037.78,26232.493,51287,4930706.971,29547.572,123741,3251728.234,0,63259,1489106.067,0,60482,1754669.724,0
2010,Tramo 8 hasta 50.000 UF,Mediana 1,Mediana,13979,490217450.55,621875,67252441.886,335034.923,211110,22031268.227,115906.697,409064,45158895.214,218885.31,245273,16584940.025,0,99321,6341548.244,0,145952,10225432.364,0
2010,Tramo 6 hasta 10.000 UF,Pequeña 2,Pequeña,44470,312576445.15,470551,38728034.663,248054.377,157916,14536850.17,88206.294,311458,24150927.501,159618,199471,14103368.603,0,86058,5926688.01,0,113413,8160999.523,0
2010,Tramo 16 hasta 30.000.000 UF,Grande 4,Grande,68,1374132488.45,126905,52427936.468,95914.148,52407,14846348.711,38722.325,74042,37560029.558,57170.157,73764,4450335.867,0,38891,1721892.973,0,34873,2718199.596,0
2010,Tramo 5 hasta 5.000 UF,Pequeña 1,Pequeña,70082,243331301.49,361901,31798017.854,188994.822,128053,12446208.113,71123.385,232870,19329283.078,117692.438,180927,11461277.904,0,81990,5048006.215,0,98937,6401950.407,0
2010,Tramo 11 hasta 200.000 UF,Grande 1,Grande,4836,675444262.72,638052,77999289.182,343359.335,210139,21773375.942,113670.529,425731,56150712.579,229531.639,176623,12891843.711,0,71859,4948523.956,0,104764,7917002.17,0
2010,Tramo 12 hasta 600.000 UF,Grande 2,Grande,3857,1295197152.43,969788,135650837.189,543004.344,334492,36725034.801,189888.335,631439,98778704.724,352925.175,224215,14771175.108,0,91507,5380745.797,0,132708,9350135.1,0
2010,Tramo 2 hasta 200 UF,Micro 1,Micro,249780,18658625.4,94202,16938876.516,60919.149,47378,8927213.433,32437.159,46338,8007463.234,28459.907,126634,4184955.859,0,66937,1859611.407,0,59697,2323391.743,0
2010,Tramo 1 Sin ventas/Sin info.,Sin Ventas/Sin Información,Sin Ventas/Sin Información,153830,0,501195,138099609.407,415745.618,219909,57610687.061,179815.142,280027,80453329.821,235850.807,171050,19365550.517,0,79114,7876991.67,0,91936,11464746.098,0
2010,Tramo 4 hasta 2.400 UF,Micro 3,Micro,190409,238263291.74,344900,32114061.12,196434.335,137787,15955653.715,89064.055,206284,16135976.265,107208.197,249235,10865441.949,0,119503,5016406.847,0,129732,5837211.058,0
2010,Tramo 3 hasta 600 UF,Micro 2,Micro,162676,60148914.16,122155,22788994.048,82400.06,64666,13331274.104,47620.74,57276,9453281.446,34744.488,131478,3709373.589,0,71214,1730005.792,0,60264,1973766.193,0
2010,Tramo 15 hasta 15.000.000 UF,Grande 4,Grande,494,3012775989.24,553870,159175490.225,369415.805,166011,34993012.799,112192.55,384713,123877613.855,257053.922,143794,9026729.164,0,61432,3031354.699,0,82362,5975119.721,0
2010,Tramo 7 hasta 25.000 UF,Pequeña 3,Pequeña,34150,531083539.75,760840,71163438.566,407238.718,251427,24148522.918,140028.687,507431,46952144.441,266898.116,302024,22420325.008,0,124500,8819121.658,0,177524,13567811.141,0
2010,Tramo 10 hasta 100.000 UF,Mediana 2,Mediana,2957,254482749.49,286153,33217540.804,151484.592,97827,10281411.184,53339.558,187522,22913304.745,98103.95,93840,5806818.655,0,39165,2145095.332,0,54675,3651809.881,0
2010,Tramo 14 hasta 3.000.000 UF,Grande 4,Grande,1033,1739912158.22,754061,150818373.584,478141.585,257952,39762342.017,169266.195,494046,110888456.049,308766.973,309131,14844393.134,0,198499,6221344.896,0,110632,8605486.978,0
2010,Tramo 9 hasta 75.000 UF,Mediana 2,Mediana,5277,322844467.38,385055,43410337.641,203200.4,132509,13462134.687,70734.633,251385,29919695.384,132364.101,134347,8681419.817,0,59189,3354802.373,0,75158,5309630.811,0
2010,Tramo 13 hasta 1.000.000 UF,Grande 3,Grande,884,681462501.92,403625,74433711.812,245009.741,128504,19478121.81,82616.056,274122,54842322.308,162311.268,87377,6018322.211,0,38252,2271687.483,0,49125,3738457.332,0
2010,Tramo 18 más de 60.000.000 UF,Grande 4,Grande,17,3290285781.06,75634,74311694.411,66939.994,24042,13273603.684,20523.248,51412,61030536.721,46397.247,11457,1394556.426,0,4105,338659.69,0,7352,1052380.25,0
2010,Tramo 17 hasta 60.000.000 UF,Grande 4,Grande,32,1316809932.39,102816,37572809.563,76516.985,38315,8445376.71,27377.411,64295,29113979.326,49116.991,15332,1038379.304,0,5939,276487.544,0,9393,758422.366,0
2011,Tramo 12 hasta 600.000 UF,Grande 2,Grande,4129,1384430037.56,1034595,143223633.412,559560.651,358582,39206550.299,194909.075,672474,103873756.631,364469.994,241567,15381996.233,0,101668,5552756.139,0,139899,9800882.064,0
2011,Tramo 3 hasta 600 UF,Micro 2,Micro,166551,61596361.75,87906,11140611.513,54294.315,37368,5528940.872,25425.576,50335,5606047.225,28827.738,122952,3525160.529,0,63808,1622918.026,0,59144,1898358.052,0
2011,Tramo 16 hasta 30.000.000 UF,Grande 4,Grande,66,1391654663.52,121435,51877935.957,93061.234,45411,13202992.915,34478.91,75556,38659421.17,58563.657,65503,3995701.122,0,34641,1597817.9,0,30862,2395975.216,0
2011,Tramo 11 hasta 200.000 UF,Grande 1,Grande,5254,731383756.62,697576,88104388.155,364521.396,233007,24743945.665,121447.103,461833,63269978.752,242910.71,195622,13567541.395,0,80962,5212247.52,0,114660,8331768.205,0
2011,Tramo 7 hasta 25.000 UF,Pequeña 3,Pequeña,36965,573777127.91,785741,73975858.754,413216.792,257465,25019825.587,141009.184,526090,48882922.159,271782.525,301259,22520322.974,0,126290,8968393.526,0,174969,13525970.945,0
2011,Tramo 10 hasta 100.000 UF,Mediana 2,Mediana,3287,284410102.12,305831,36915571.789,162963.587,108222,11379105.586,57987.805,196645,25500831.383,104872.198,116235,6757144.051,0,51554,2537692.862,0,64681,4210487.244,0
2011,Tramo 14 hasta 3.000.000 UF,Grande 4,Grande,1109,1850274652.24,901589,175559359.579,546820.876,307233,47478331.831,194984.847,591468,127863308.387,351627.694,339756,16420572.399,0,222127,7005087.941,0,117629,9392935.109,0
2011,Tramo 15 hasta 15.000.000 UF,Grande 4,Grande,562,3495075635.8,657082,177890002.369,415338.437,216822,41274742.507,135675.532,437233,136406830.773,279486.405,159049,9581921.238,0,69455,3244822.075,0,89594,6324951.757,0
2011,Tramo 2 hasta 200 UF,Micro 1,Micro,247054,18657601.47,98423,26248420.26,73237.485,56375,14952851.661,44581.326,41802,11283858.601,28627.243,135672,4890068.93,0,75278,2091689.625,0,60394,2796538.068,0
2011,Tramo 9 hasta 75.000 UF,Mediana 2,Mediana,5762,351872624.41,415339,48022829.668,215536.056,141946,14549015.066,73914.629,272158,33432666.11,141499.677,130605,9267185.769,0,54066,3573878.516,0,76539,5679237.274,0
2011,Tramo 13 hasta 1.000.000 UF,Grande 3,Grande,1010,777905821.38,464019,78630836.539,263546.054,154722,20756057.756,89771.131,307924,57785844.676,173701.258,91502,6566504.69,0,41251,2473112.689,0,50251,4081163.226,0
2011,Tramo 17 hasta 60.000.000 UF,Grande 4,Grande,44,1865685111.46,108629,44090097.081,72246.732,46232,9530156.047,28453.908,61569,34223303.939,43721.991,35982,1483682.387,0,17828,491918.595,0,18154,988217.398,0
2011,Tramo 6 hasta 10.000 UF,Pequeña 2,Pequeña,48238,338750675.46,493748,40445969.002,256935.619,168452,15074714.011,91699.707,323591,25317123.656,164903.496,211887,15062219.878,0,92697,6390277.604,0,119190,8651813.373,0
2011,Tramo 4 hasta 2.400 UF,Micro 3,Micro,200347,251565131.6,346968,31162851.236,195461.75,141002,15525511.707,89827.136,205017,15606277.497,105415.696,257132,11198831.675,0,126548,5251942.002,0,130584,5937036.024,0
2011,Tramo 8 hasta 50.000 UF,Mediana 1,Mediana,15008,525116023.11,701640,77161979.635,368291.23,245682,25669825.989,129484.352,454044,51435356.134,238549.713,244817,17596525.831,0,102272,6785715.595,0,142545,10788591.48,0
2011,Tramo 5 hasta 5.000 UF,Pequeña 1,Pequeña,75627,262680124,383243,35878763.09,201631.318,134104,14626945.424,76868.218,248026,21224746.044,124543.516,194302,12000264.516,0,89692,5430737,0,104610,6556579.24,0
2011,Tramo 18 más de 60.000.000 UF,Grande 4,Grande,26,4173032531.97,120274,91659013.159,100803.322,39292,19118424.003,32883.495,80038,72517922.156,67891.575,15673,1836091.857,0,5437,448607.339,0,10236,1383338.609,0
2011,Tramo 1 Sin ventas/Sin info.,Sin Ventas/Sin Información,Sin Ventas/Sin Información,156796,0,515504,143825376.568,423102.028,230910,60165823.963,184983.388,283539,83626554.537,238042.555,186006,21478498.834,0,89879,8981084.168,0,96127,12481476.493,0
2012,Tramo 7 hasta 25.000 UF,Pequeña 3,Pequeña,39548,614238457.54,831740,85850877.823,443236.866,280311,29747743.037,154925.095,549742,56011979.964,287887.77,311506,23909383.014,93964.144,132217,9615532.708,41711.205,179289,14273044.23,52205.189
2012,Tramo 9 hasta 75.000 UF,Mediana 2,Mediana,6207,378813196.19,428724,51933052.466,224261.136,150589,16317842.595,78735.376,276911,35581995.719,145400.76,137841,9818097.69,38294.702,57410,3744160.1,16589.98,80431,6059208.145,21683.222
2012,Tramo 8 hasta 50.000 UF,Mediana 1,Mediana,16272,571153481.23,719539,77003569.449,374056.557,253835,25084881.136,131958.515,463892,51848311.404,241798.876,251837,17678410.843,69017.496,106075,6963721.918,29922.463,145762,10694059.484,39024.783
2012,Tramo 17 hasta 60.000.000 UF,Grande 4,Grande,40,1648575236.49,77183,45315907.749,60088.573,22982,8601713.478,17158.247,53964,36704454.432,42910.161,10522,1251731.119,3175.83,4490,405799.113,1304.998,6032,842294.123,1866.998
2012,Tramo 6 hasta 10.000 UF,Pequeña 2,Pequeña,51614,362624369.37,514176,49248900.544,270889.615,176209,18477087.632,97824.622,336631,30723263.967,172767.743,216209,15796649.53,73622.846,96940,6669847.426,34248.885,119269,9109459.643,39340.294
2012,Tramo 5 hasta 5.000 UF,Pequeña 1,Pequeña,80235,278826697.93,380698,29215784.403,195877.065,133787,11438058.187,73768.299,245770,17747728.461,121892.933,189105,11773543.572,72571.858,87041,5289036.821,35485.39,102064,6471410.022,37051.635
2012,Tramo 4 hasta 2.400 UF,Micro 3,Micro,210245,264517661.65,365563,37535901.418,207281.413,151382,18528189.138,96456.051,213255,18980083.529,110614.695,262317,12276406.362,123511.175,129172,5620991.732,64027.047,133145,6644367.462,59439.878
2012,Tramo 3 hasta 600 UF,Micro 2,Micro,170353,63129270.09,108104,12904728.657,67859.394,58567,7907891.626,40798.823,49369,4992680.409,27030.571,146350,4399268.769,71002.211,83201,2201403.693,39824.395,63149,2196101.112,31158.15
2012,Tramo 2 hasta 200 UF,Micro 1,Micro,244343,18653862.53,77304,24064244.856,56853.321,38816,12916003.601,30470.911,38232,11143728.262,26367.327,122262,4847825.565,59989.381,64433,2146316.696,33049.981,57829,2698090.127,26928.65
2012,Tramo 1 Sin ventas/Sin info.,Sin Ventas/Sin Información,Sin Ventas/Sin Información,162475,0,546411,157675902.597,450719.94,248546,67090186.087,201830.635,297021,90557021.642,248823.888,194846,23626412.646,81450.02,94196,9936446.568,41122.053,100650,13671870.365,40287.05
2012,Tramo 16 hasta 30.000.000 UF,Grande 4,Grande,79,1650973327.51,161498,65382588.637,118237.141,68623,18179415.282,48685.321,92270,47154801.657,69520.57,89968,5154805.787,21807.635,46854,2066760.643,10814.233,43114,3084750.949,10982.901
2012,Tramo 15 hasta 15.000.000 UF,Grande 4,Grande,567,3399726025.95,769098,217498314.866,503210.261,239165,49471221.6,159871.953,527415,167842004.778,343260.89,175289,12383639.86,53901.939,78466,4463639.383,23570.473,96823,7892398.362,30305.216
2012,Tramo 14 hasta 3.000.000 UF,Grande 4,Grande,1223,2018627468.88,909639,190372753.696,557861.957,318388,51069864.91,202794.428,587043,138925580.321,354528.861,359766,15961174.88,142002.297,251449,7041281.3,108498.667,108317,8901346.118,33462.879
2012,Tramo 13 hasta 1.000.000 UF,Grande 3,Grande,998,775640541.7,527331,81397904.274,286877.365,185983,21886904.795,103050.369,339760,59434222.839,183684.829,101294,6516231.505,29694.381,45868,2410898.803,14240.067,55426,4093963.267,15436.397
2012,Tramo 12 hasta 600.000 UF,Grande 2,Grande,4396,1481137400.67,1076029,157578770.479,579970.387,365469,41839435.958,196137.237,706013,115625198.741,383621.483,252452,16137792.589,68397.829,110372,5934174.709,30180.378,142080,10185259.683,38183.784
2012,Tramo 11 hasta 200.000 UF,Grande 1,Grande,5500,768354977.65,691160,94086820.714,367761.069,219820,25896337.122,118713.109,468910,68097169.753,248834.794,200741,13315928.451,52377.679,87567,5134951.666,23433.969,113174,8158362.765,28915.543
2012,Tramo 18 más de 60.000.000 UF,Grande 4,Grande,23,3579394467.62,169194,101087691.042,131507.646,73097,22025371.386,54398.156,94945,79057179.059,77094.24,33162,1803051.24,6518.571,15279,460597.136,2634.494,17883,1335205.949,3872.91
2012,Tramo 10 hasta 100.000 UF,Mediana 2,Mediana,3457,299636850.54,316575,40125277.279,168425.583,115673,12375538.667,61374.969,199937,27715310.749,106977.198,91246,5978914.65,23011.801,38721,2290115.766,9926.653,52525,3683209.977,13073.815
2013,Tramo 7 hasta 25.000 UF,Pequeña 3,Pequeña,41447,643223600.82,835046,94706387.048,452593.951,283831,33033806.583,160662.513,549271,61577535.681,291598.606,301183,23658134.945,90809.982,129853,9576800.78,40512.873,171330,14059989.708,50259.359
2013,Tramo 5 hasta 5.000 UF,Pequeña 1,Pequeña,84671,293983363.07,395447,37518635.293,212247.899,144828,15478929.446,84328.882,249571,21991078.377,127750.6,192848,12610554.745,75481.024,89339,5676259.978,37210.056,103509,6921029.497,38239.301
2013,Tramo 16 hasta 30.000.000 UF,Grande 4,Grande,81,1694459262.95,193451,73206212.458,138297.801,75950,20488073.061,54531.32,116778,52651028.039,83729.313,84744,5363780.49,21169.137,44171,2158430.203,10402.318,40573,3202178.415,10757.402
2013,Tramo 15 hasta 15.000.000 UF,Grande 4,Grande,598,3659781061.37,827770,232870221.542,539958.332,277417,56256570.081,181239.026,545805,176126123.001,358530.554,310094,14595085.085,113116.645,201317,5844408.243,79256.765,108777,8729760.934,33833.295
2013,Tramo 12 hasta 600.000 UF,Grande 2,Grande,4604,1545840512.08,1106392,171953084.385,595177.964,395593,47428892.894,212516.23,705988,124387666.941,382481.401,249398,16210190.605,68174.247,112482,6070814.659,31381.46,136916,10124712.11,36747.953
2013,Tramo 17 hasta 60.000.000 UF,Grande 4,Grande,38,1608872144.98,66594,39912654.786,53528.242,19683,8194670.814,14894.664,46556,31699026.664,38620.578,10211,1230137.776,3365.496,4523,453232.783,1495.582,5688,774236.582,1867.498
2013,Tramo 9 hasta 75.000 UF,Mediana 2,Mediana,6472,394960666.41,434113,59734859.705,234790.055,158830,19783261.931,86539.126,273670,39910069.34,148159.43,153087,11961306.425,43280.947,64625,4790361.465,18670.894,88462,7154994.639,24590.719
2013,Tramo 11 hasta 200.000 UF,Grande 1,Grande,5775,808010930.84,720753,100180283.365,376425.142,251933,28655871.189,130886.681,466451,71446057.537,245425.543,201126,13585954.727,51949.763,88333,5195887.388,23150.136,112793,8369987.392,28774.877
2013,Tramo 13 hasta 1.000.000 UF,Grande 3,Grande,1046,808929670.33,455947,84668935.699,259018.057,153715,22415128.141,88903.714,299207,62179279.127,170059.011,90128,5960098.943,26305.051,40361,2171194.556,12244.736,49767,3775794.408,14046.899
2013,Tramo 4 hasta 2.400 UF,Micro 3,Micro,218558,275514453.51,378061,46445998.379,223741.663,157074,22140943.266,102743.301,220328,24276457.864,120878.863,265454,13168363.236,125867.675,130344,6036378.162,65514.381,135110,7119939.222,60313.961
2013,Tramo 14 hasta 3.000.000 UF,Grande 4,Grande,1276,2137305954.38,962917,206572489.256,583174.531,333828,54462171.303,210613.427,623718,151877968.016,372383.02,265183,15507273.804,98666.325,160600,6582201.831,67116.946,104583,8913634.888,31521.547
2013,Tramo 2 hasta 200 UF,Micro 1,Micro,244353,18780022.66,64668,13403646.3,43301.155,31516,6958678.412,22802.995,32950,6435803.737,20477.66,124817,4483795.102,58719.046,66480,1994269.77,32638.397,58337,2485987.34,26066.316
2013,Tramo 6 hasta 10.000 UF,Pequeña 2,Pequeña,54169,380662210.14,523442,48601553.332,275502.529,181776,18324264.699,101951.538,340706,30236479.324,173387.491,220409,16525742.204,75520.345,99686,7158335.989,35683.384,120723,9356559.457,39806.711
2013,Tramo 3 hasta 600 UF,Micro 2,Micro,173195,64339304.92,95289,10562524.664,58302.312,50145,6445317.948,34719.741,44951,4108738.48,23549.322,123636,3695645.756,64962.8,67358,1676271.75,35866.815,56278,2017908.038,29078.402
2013,Tramo 18 más de 60.000.000 UF,Grande 4,Grande,27,4384874540.6,181290,113830325.736,145682.23,77180,26447619.809,60175.323,103487,87368673.109,85492.655,15972,1983264.259,4986.494,5778,500570.828,1760.248,10194,1480381.329,3222.246
2013,Tramo 10 hasta 100.000 UF,Mediana 2,Mediana,3657,316451408.45,311673,42261127.579,164610.168,109925,12727981.988,58035.137,200995,29480791.014,106503.447,90431,5891852.238,22713.885,39092,2208151.698,9887.57,51339,3676994.317,12816.065
2013,Tramo 8 hasta 50.000 UF,Mediana 1,Mediana,17030,595602652.71,686795,81539943.72,367280.404,243432,26909122.789,132137.187,441753,54568661.583,234969.467,230499,17287637.412,63361.337,97089,6917643.643,27379.3,133410,10352396.244,35940.871
2013,Tramo 1 Sin ventas/Sin info.,Sin Ventas/Sin Información,Sin Ventas/Sin Información,167932,0,580114,179703132.759,476398.27,273382,80430371.001,222243.218,305323,99239470.71,254085.885,206563,26662994.541,85596.516,101514,11537252.147,43634.05,105049,15110381.77,41928.882
2014,Tramo 12 hasta 600.000 UF,Grande 2,Grande,4920,1657308838.99,1099433,174525035.181,589646.964,396125,48763350.112,212386.645,698638,125643347.659,377130.569,238518,15865568.401,66895.251,109301,5942617.629,31585.712,129217,9910976.893,35285.955
2014,Tramo 7 hasta 25.000 UF,Pequeña 3,Pequeña,43184,670444375.24,852945,100891456.951,465296.449,292705,35536141.236,167754.428,558326,65284439.638,297314.438,299154,23935805.308,92599.982,127058,9589581.938,41197.207,172096,14328262.781,51361.358
2014,Tramo 10 hasta 100.000 UF,Mediana 2,Mediana,3785,327577573.33,306532,43524708.419,166649.755,111377,13272234.564,60714.388,194352,30220109.242,105888.451,96074,5842919.45,24278.549,42677,2230687.279,11008.568,53397,3602664.235,13258.898
2014,Tramo 2 hasta 200 UF,Micro 1,Micro,254470,19459131.54,81521,20054551.752,58701.82,36191,8870893.332,26993.578,45097,11176811.358,31695.909,125858,5278492.405,58403.296,66634,2208029.893,32266.814,59224,3064803.038,26126.315
2014,Tramo 9 hasta 75.000 UF,Mediana 2,Mediana,6735,410507314.2,428471,58818305.337,229410.64,158360,19780103.35,86386.96,269025,39007715.744,142961.346,136239,10246660.021,37559.202,58701,4036423.127,16485.979,77538,6196520.923,21058.389
2014,Tramo 14 hasta 3.000.000 UF,Grande 4,Grande,1314,2183020194.97,975712,211465944.819,581479.268,341668,58633309.008,215039.589,628129,152632035.319,366308.848,304705,15462685.917,116365.398,194219,6482300.221,81535.938,110486,8962979.386,34794.462
2014,Tramo 8 hasta 50.000 UF,Mediana 1,Mediana,17706,621890690.11,707834,89490267.246,382538.486,252256,30418285.785,140423.437,453940,59027509.293,242009.049,239317,18045462.295,68394.835,101058,6998450.105,29449.049,138259,11022162.739,38894.703
2014,Tramo 15 hasta 15.000.000 UF,Grande 4,Grande,640,3876613108.29,805847,234714247.04,520328.831,267285,56262407.929,170945.192,534535,178214986.6,349288.055,265928,14853993.321,100193.241,167442,6149582.414,69518.36,98486,8691326.017,30655.382
2014,Tramo 18 más de 60.000.000 UF,Grande 4,Grande,36,5694688893.8,190095,127853852.037,151945.727,76676,29248380.488,59782.99,112323,98587192.453,92148.238,18798,2305278.314,5708.66,6819,598011.224,2058.081,11979,1700623.625,3646.246
2014,Tramo 3 hasta 600 UF,Micro 2,Micro,179035,66408932.18,101816,13437349.313,64514.229,54585,8226465.238,38938.157,47081,5206926.249,25558.072,127533,3902258.284,65868.632,69436,1798532.598,36613.315,58097,2102525.564,29241.734
2014,Tramo 6 hasta 10.000 UF,Pequeña 2,Pequeña,55805,392404108.69,517898,49327810.143,272529.781,178089,18355875.905,100541.956,338920,30935556.156,171874.492,211997,15730995.624,72846.848,94609,6670534.655,34305.72,117388,9049204.616,38518.462
2014,Tramo 13 hasta 1.000.000 UF,Grande 3,Grande,1114,861341332.18,475418,85865170.658,262850.88,167963,22937814.451,93579.456,303992,62884438.424,169227.924,86670,5926144.26,23987.553,38755,2095332.796,10861.153,47915,3820097.451,13115.733
2014,Tramo 11 hasta 200.000 UF,Grande 1,Grande,6097,853505135.74,721916,104758441.201,379812.977,255753,30653316.133,133991.015,463345,74016208.463,245710.462,200751,13185467.539,50740.013,88667,4889367.742,22569.636,112084,8280631.08,28142.378
2014,Tramo 4 hasta 2.400 UF,Micro 3,Micro,224974,283687367.2,370459,41663786.917,213367.163,155688,21138332.138,101508.885,213968,20492304.827,111779.362,262876,12753998.104,124666.342,128689,5880348.542,65101.048,134187,6866658.425,59532.044
2014,Tramo 16 hasta 30.000.000 UF,Grande 4,Grande,78,1649110599.09,224665,70966931.434,163015.049,110141,25676944.727,80555.233,112808,45273229.275,82445.399,97923,6191376.942,25863.715,51027,2474874.055,12617.898,46896,3714816.641,13236.4
2014,Tramo 5 hasta 5.000 UF,Pequeña 1,Pequeña,86913,302133292.16,410594,43875665.523,225292.98,150998,18241580.722,91287.465,258819,25613177.37,133918.515,195076,13107504.503,76905.94,90568,5930076.258,37941.056,104508,7166726.332,38937.967
2014,Tramo 17 hasta 60.000.000 UF,Grande 4,Grande,34,1397877237.74,65226,45492232.244,52554.909,18187,8435095.813,14167.747,46733,37008447.129,38363.661,7796,928320.097,2176.497,3596,377077.767,1008.332,4200,548787.401,1167.165
2014,Tramo 1 Sin ventas/Sin info.,Sin Ventas/Sin Información,Sin Ventas/Sin Información,171748,0,588572,185289652.376,483886.272,282198,83823859.228,230015.634,305156,101429249.682,253809.803,208769,27816440.439,86767.598,101873,12246267.549,44312.467,106896,15539040.836,42406.965
2015,Tramo 11 hasta 200.000 UF,Grande 1,Grande,6183,868293156.43,722845,109568578.916,386131.48,260315,32673216.547,138693.683,460088,76855401.84,247366.63,199106,11574402.507,49215.763,89847,4116465.587,22244.718,109259,7446875.317,26954.128
2015,Tramo 6 hasta 10.000 UF,Pequeña 2,Pequeña,58305,410138466.65,537930,53883384.598,289623.112,189744,20588131.838,110212.204,347095,33268491.337,179326.324,207107,14449458.24,70671.433,91712,5875328.927,32905.887,115395,8567202.513,37745.546
2015,Tramo 8 hasta 50.000 UF,Mediana 1,Mediana,18171,637031066.13,718255,95070007.497,391286.233,255881,32421733.845,144654.854,460868,62608822.41,246541.463,233110,16850052.374,65614.253,96095,6242071.969,28079.05,137015,10599524.483,37510.119
2015,Tramo 4 hasta 2.400 UF,Micro 3,Micro,232730,293695868.76,372784,41536677.106,211628.744,154967,20791089.823,99465.884,216687,20728795.066,112103.527,257717,12001540.743,120389.426,125625,5413486.329,62301.465,132092,6581373.103,58065.795
2015,Tramo 18 más de 60.000.000 UF,Grande 4,Grande,34,5443111533.49,181121,126939702.685,147592.23,73302,31173368.863,59113.408,107137,95764633.016,88468.989,16771,2216476.267,5326.494,6379,610744.83,1951.164,10392,1600338.117,3372.163
2015,Tramo 3 hasta 600 UF,Micro 2,Micro,182255,67683711.61,87771,13838454.946,53747.398,38913,6716497.717,26477.493,48697,7114616.034,27247.822,117353,3781888.844,61957.551,60498,1727562.143,33827.901,56855,2050439.052,28111.734
2015,Tramo 13 hasta 1.000.000 UF,Grande 3,Grande,1101,847702552.27,479678,87319135.565,263985.131,170533,22713679.364,93615.623,306215,64524841.504,170264.841,83069,5792989.043,23429.887,37612,1959763.562,10631.903,45457,3824560.612,12791.484
2015,Tramo 16 hasta 30.000.000 UF,Grande 4,Grande,86,1856772486.58,193314,71377296.08,150606.889,85228,23696475.383,66854.488,107478,47672457.657,83739.901,97922,6114559.435,24794.715,50908,2433828.262,11965.065,47014,3678956.276,12821.65
2015,Tramo 15 hasta 15.000.000 UF,Grande 4,Grande,621,3789781005.01,863368,249546599.642,568987.328,319775,65949986.748,211177.768,536927,183459070.785,357761.726,271603,14808006.584,105601.326,175063,6214865.498,75182.357,96540,8579177.406,30401.216
2015,Tramo 2 hasta 200 UF,Micro 1,Micro,258285,19730620.24,98146,22550999.482,72823.569,54793,11861058.792,42422.909,43229,10688649.043,30393.493,119933,4603913.573,54281.214,67010,1941127.928,30435.396,52923,2662502.933,23843.401
2015,Tramo 5 hasta 5.000 UF,Pequeña 1,Pequeña,89595,311547708.28,426565,45388505.055,235052.726,157778,19760504.3,97137.048,268051,25615056.474,137861.179,193610,12470287.418,75239.19,89559,5475380.15,37044.889,104051,6985945.732,38177.801
2015,Tramo 14 hasta 3.000.000 UF,Grande 4,Grande,1313,2204440134.56,918780,211504154.254,565271.88,324944,59759761.177,208634.597,586016,151588553.355,356547.45,296376,15434833.978,114342.066,188923,6465293.774,80661.105,107453,8949614.553,33653.712
2015,Tramo 7 hasta 25.000 UF,Pequeña 3,Pequeña,44364,690726030.08,850234,101590251.528,465149.367,287851,35909732.178,167656.431,560680,65639353.781,297347.853,289038,21352900.264,88072.902,121749,8211407.045,38747.876,167289,13128526.762,49293.027
2015,Tramo 17 hasta 60.000.000 UF,Grande 4,Grande,36,1526172681.37,66078,43479144.249,52446.075,23009,10059420.579,17622.747,42759,33375291.105,34805.662,10909,1326963.949,3579.996,5388,569060.588,1842.832,5521,755518.61,1736.248
2015,Tramo 10 hasta 100.000 UF,Mediana 2,Mediana,3739,323409204.12,324114,47586123.424,170367.332,121923,15661069.481,64692.635,201350,31902051.532,105643.614,96230,6424344.881,25925.716,40891,2293200.382,11150.236,55339,4123038.376,14769.814
2015,Tramo 12 hasta 600.000 UF,Grande 2,Grande,4929,1659820550.07,1069611,178465964.017,583818.311,370704,48555520.283,203070.654,693756,129813901.451,380643.074,233297,14833493.049,66521.253,105549,5158853.448,31268.297,127748,9665592.497,35234.956
2015,Tramo 1 Sin ventas/Sin info.,Sin Ventas/Sin Información,Sin Ventas/Sin Información,176973,0,609112,199944792.139,505039.441,297679,92007334.004,244770.134,309422,107920417.43,260231.974,212111,31253958.572,92831.681,102906,13907980.172,47368.3,109205,17325360.715,45430.881
2015,Tramo 9 hasta 75.000 UF,Mediana 2,Mediana,6880,419192939.82,434407,66657753.224,242424.474,157187,21948114.219,89250.544,276081,44681278.548,153122.43,138815,10710684.403,38126.368,58952,4019174.528,16452.063,79863,6685365.596,21663.639
2016,Tramo 9 hasta 75.000 UF,Mediana 2,Mediana,7238,441404839.84,457477,64609559.557,242839.213,168130,21443188.255,90614.873,288203,43157618.541,152195.841,156113,10615779.685,41239.195,70863,4097933.886,18448.642,85250,6512522.242,22782.803
2016,Tramo 3 hasta 600 UF,Micro 2,Micro,186573,69287332.9,83375,10111650.481,47697.397,34457,4836672.497,22251.826,48745,5271354.16,25432.987,138985,4385869.844,73043.962,71455,2029749.464,39909.148,67530,2355599.091,33129.814
2016,Tramo 18 más de 60.000.000 UF,Grande 4,Grande,34,5718673664.89,187475,121659187.967,154497.978,79474,32299321.598,64288.491,107648,89359050.594,90202.656,16499,2078744.142,5090.994,6566,567497.093,1889.331,9933,1503703.094,3198.246
2016,Tramo 8 hasta 50.000 UF,Mediana 1,Mediana,19008,664635552.9,734733,100751998.687,401000.562,260146,34298404.095,147323.269,473165,66428798.481,253623.96,258094,18241546.279,72020.161,106901,6812706.235,30690.713,151193,11418524.183,41309.781
2016,Tramo 14 hasta 3.000.000 UF,Grande 4,Grande,1353,2245705114.66,897401,213813940.059,557082.47,312371,61419394.375,204039.934,578569,152329606.284,352983.786,273502,14232560.916,107261.575,173166,6003303.404,75556.692,100336,8218084.722,31683.299
2016,Tramo 12 hasta 600.000 UF,Grande 2,Grande,5121,1722025693.82,1068312,184868456.712,585006.228,361231,50182494.79,199834.075,702767,134622472.009,385107.071,229914,15330710.121,65203.087,103800,5230279.986,31002.881,126114,10093907.493,34186.956
2016,Tramo 17 hasta 60.000.000 UF,Grande 4,Grande,44,1816653458.74,80688,47181648.936,65018.824,29173,11164385.085,22399.246,51150,36009481.222,42612.911,13212,1732330.272,4507.662,6801,766589.821,2372.331,6411,965668.324,2134.998
2016,Tramo 6 hasta 10.000 UF,Pequeña 2,Pequeña,59875,421336789.79,543921,57778593.783,293051.442,185924,21686532.785,108369.288,357239,36071099.266,184614.654,235660,16200771.268,78879.339,104074,6582762.142,36627.549,131586,9608383.351,42240.123
2016,Tramo 5 hasta 5.000 UF,Pequeña 1,Pequeña,91758,318978834.21,433923,47714180.043,241317.642,161178,20581946.214,99821.381,271939,27119341.292,141452.762,228499,14422529.705,87986.012,105342,6243825.491,43036.301,123157,8171474.563,44930.211
2016,Tramo 11 hasta 200.000 UF,Grande 1,Grande,6386,893560288.63,761980,114806810.873,404693.882,287301,35729102.538,153312.174,472231,79035139.244,251303.708,195894,12236637.994,50451.681,87610,4339609.376,22790.469,108284,7890076.223,27652.379
2016,Tramo 16 hasta 30.000.000 UF,Grande 4,Grande,69,1479490002.22,155403,63183836.243,120155.646,68496,20605826.585,53434.157,86519,42557038.189,66712.988,87894,5311920.848,21730.052,45915,2139540.449,10531.9,41979,3169503.05,11191.818
2016,Tramo 15 hasta 15.000.000 UF,Grande 4,Grande,615,3869479412.82,858106,249781582.857,571651.164,337431,70930204.134,223217.848,515657,178742989.635,348400.733,435106,17363970.673,200105.354,315578,7868303.805,159314.069,119528,9482197.897,40764.541
2016,Tramo 1 Sin ventas/Sin info.,Sin Ventas/Sin Información,Sin Ventas/Sin Información,181160,0,625241,211088832.399,519722.432,309932,98242154.754,255338.297,313393,112799711.535,264329.556,225894,33291137.236,99908.843,110053,15050800.615,51341.631,115841,18210943.627,48528.796
2016,Tramo 4 hasta 2.400 UF,Micro 3,Micro,238136,300431647.33,378929,38225702.436,212829.741,155118,19239179.487,99661.718,223012,18977908.118,113130.357,305363,13831416.584,140063.495,148237,6210284.44,72929.541,157126,7616319.979,67114.037
2016,Tramo 2 hasta 200 UF,Micro 1,Micro,263454,20031209.75,116873,34114604.205,89489.984,66161,17982103.356,52650.492,50546,16128417.934,36830.492,149683,6038460.725,66972.954,83184,2671272.059,37456.141,66499,3364098.456,29511.563
2016,Tramo 13 hasta 1.000.000 UF,Grande 3,Grande,1157,889157024.53,531272,93146143.786,289288.865,195986,25585632.314,106685.616,331991,67422378.481,182536.916,78908,5676536.024,23076.473,33472,1858526.184,9742.738,45436,3814948.792,13329.651
2016,Tramo 7 hasta 25.000 UF,Pequeña 3,Pequeña,45255,702880087.92,896149,113497196.091,495003.106,311350,41352658.072,183642.843,583065,72108497.821,311263.097,322357,24388613.206,98089.14,136870,9416468.568,43400.87,185487,14963147.924,54671.02
2016,Tramo 10 hasta 100.000 UF,Mediana 2,Mediana,3966,342973767.84,310445,47874373.35,167189.836,113801,15468279.242,62196.387,195698,32391644.257,104964.199,102906,6388666.65,27591.547,44429,2275057.925,11971.651,58477,4109316.198,15614.813
2017,Tramo 18 más de 60.000.000 UF,Grande 4,Grande,39,7507395321.61,194889,130030634.379,160575.478,81167,34723880.157,65582.407,113389,95303953.785,94986.489,15780,2039553.078,5015.244,6276,549786.441,1874.831,9504,1483818.1,3137.58
2017,Tramo 13 hasta 1.000.000 UF,Grande 3,Grande,1135,869411031.05,520745,93894395.724,294059.289,188421,25633728.993,108351.703,329177,68247610.207,185686.669,77220,5693671.933,22205.139,32218,1846001.547,9284.155,45002,3846493.119,12919.484
2017,Tramo 14 hasta 3.000.000 UF,Grande 4,Grande,1317,2208690128.19,871285,211659914.913,535835.804,302058,57782003.958,189666.434,563891,153812311.358,346127.122,285682,13551548.871,110713.988,182716,5667474.336,78527.189,102966,7881751.35,32176.464
2017,Tramo 4 hasta 2.400 UF,Micro 3,Micro,241560,304176115.95,411939,48631379.917,235100.402,175831,25431749.241,114837.215,235347,23192054.877,120234.355,333043,15793424.823,148072.567,161947,7155432.166,77278.202,171096,8635744.406,70782.948
2017,Tramo 2 hasta 200 UF,Micro 1,Micro,276943,20589856.29,107706,23046463.594,77296.899,69511,14897701.032,53256.489,37958,8145531.586,24031.242,154415,5952443.484,66243.201,85982,2844133.362,37237.306,68433,3106165.479,29003.812
2017,Tramo 3 hasta 600 UF,Micro 2,Micro,189177,70273967.86,93650,12561032.252,55868.229,41186,6364133.243,27822.325,52194,6194520.913,28040.237,150283,4772475.633,75580.374,77130,2195905.555,41371.728,73153,2574983.196,34204.812
2017,Tramo 15 hasta 15.000.000 UF,Grande 4,Grande,598,3688556838.06,813477,243043948.14,541037.343,318629,69120990.946,212886.519,489212,173875870.716,328135.904,389327,14454951.711,224542.321,282604,6604886.9,183696.944,106723,7836485.567,40827.631
2017,Tramo 11 hasta 200.000 UF,Grande 1,Grande,5882,821639678.82,716789,122138702.8,397185.985,250504,36504837.48,139787.853,464190,85613334.331,257372.049,185146,12573053.937,49375.102,81630,4314304.043,21900.471,103516,8255719.748,27469.464
2017,Tramo 1 Sin ventas/Sin info.,Sin Ventas/Sin Información,Sin Ventas/Sin Información,232974,0,734931,242688432.609,598796.749,375330,114402323.258,301819.702,357606,128265500.027,296954.549,278308,37592506.021,113478.825,130107,16413734.729,56639.874,148201,21162552.602,56812.701
2017,Tramo 17 hasta 60.000.000 UF,Grande 4,Grande,42,1687793263.85,78762,45823627.155,63284.406,28158,10521726.012,21584.246,50308,35299127.747,41694.077,11271,1398198.61,4141.246,5844,612270.327,2205.665,5427,785901.019,1935.415
2017,Tramo 9 hasta 75.000 UF,Mediana 2,Mediana,6648,404985112.86,444536,68615055.95,239764.802,158661,22378479.938,87393.46,284480,46228891.466,152356.259,138865,9520813.379,37635.035,58796,3545636.05,16417.979,80069,5971243.973,21210.222
2017,Tramo 10 hasta 100.000 UF,Mediana 2,Mediana,3538,305534041.38,292890,45082680.125,156745.007,105320,14069033.298,56205.806,186880,31007898.956,100529.451,100413,6358829.822,28468.964,44896,2329623.83,12830.317,55517,4023883.883,15633.314
2017,Tramo 16 hasta 30.000.000 UF,Grande 4,Grande,80,1639871134.41,178373,69725320.503,136551.143,78626,23573885.191,60764.823,99199,46149930.752,75783.07,92919,6030941.223,23177.384,48544,2450262.457,11268.399,44375,3579457.477,11902.901
2017,Tramo 8 hasta 50.000 UF,Mediana 1,Mediana,17414,608343985.18,702386,101816035.215,387243.738,243056,34381842.053,138738.273,457552,67419257.602,248460.381,248338,18282647.647,69650.998,104153,7007376.891,30043.047,144185,11267980.542,39594.867
2017,Tramo 6 hasta 10.000 UF,Pequeña 2,Pequeña,58583,411802672.99,592098,70456427.978,322329.351,213052,28566994.408,126416.201,377444,41875102.535,195871.484,266232,18600825.803,88993.579,121070,7761052.596,42638.377,145162,10834886.693,46341.118
2017,Tramo 5 hasta 5.000 UF,Pequeña 1,Pequeña,92159,319856481.91,462932,53100304.524,256493.385,174865,23359069.544,107839.045,287358,29731047.44,148624.341,245558,15980690.797,93311.005,113655,6952565.462,46088.381,131903,9022233.546,47211.874
2017,Tramo 7 hasta 25.000 UF,Pequeña 3,Pequeña,42953,666698226.36,914763,128680721.679,508343.353,324751,50398010.5,194326.841,588579,78261799.342,313956.596,331279,25064970.699,102356.721,140748,9824255.121,45737.953,190531,15233932.095,56607.768
2017,Tramo 12 hasta 600.000 UF,Grande 2,Grande,4761,1587979005.07,1077720,187720418.284,580212.638,370029,51549503.089,199820.32,703587,136124689.709,380339.401,243236,16993779.464,71605.915,112912,6093763.356,34985.211,130324,10894394.216,36612.288
2018,Tramo 7 hasta 25.000 UF,Pequeña 3,Pequeña,45235,700995798.72,934613,130796096.884,516652.679,326414,49860544.789,192992.256,606502,80922946.735,323612.341,331656,24568447.935,102007.888,140617,9620916.622,45640.453,191039,14944607.563,56363.768
2018,Tramo 14 hasta 3.000.000 UF,Grande 4,Grande,1349,2252705026.75,935792,220640438.744,576680.04,337695,63143036.604,214606.758,592630,157480569.669,362059.282,173548,12745939.277,50932.439,77964,4903120.703,22782.806,95584,7842106.905,28145.633
2018,Tramo 15 hasta 15.000.000 UF,Grande 4,Grande,634,3930195278.76,835225,252587738.617,557094.416,330173,74891284.401,222397.685,499828,177664076.938,334687.066,534217,16906388.327,247205.163,402738,7987535.682,201236.122,131479,8916596.936,45956.204
2018,Tramo 12 hasta 600.000 UF,Grande 2,Grande,4906,1655735857.35,1124305,197924637.554,605873.21,390129,54485775.248,207865.647,729265,143396024.449,397964.479,257687,16925602.333,76724.66,120886,6064466.029,37667.041,136801,10856065.814,39049.702
2018,Tramo 10 hasta 100.000 UF,Mediana 2,Mediana,3714,320804219.44,301409,50514998.878,164230.923,104669,15518169.213,57602.473,195988,34986221.304,106619.866,97537,6375762.519,26093.966,45069,2319872.066,12137.568,52468,4052098.467,13950.982
2018,Tramo 13 hasta 1.000.000 UF,Grande 3,Grande,1097,850359256.1,511191,99059115.622,292747.625,186721,28320694.483,108205.954,321498,70726764.622,184530.504,84803,6810094.12,24741.803,38053,2488991.54,11262.736,46750,4321092.594,13478.9
2018,Tramo 9 hasta 75.000 UF,Mediana 2,Mediana,6746,410930672.81,423955,64648970.356,229349.639,148114,20604208.506,81060.212,274771,44041874.06,148279.178,131980,9193439.11,36748.037,54851,3321251.131,15632.731,77129,5869980.808,21111.64
2018,Tramo 4 hasta 2.400 UF,Micro 3,Micro,251822,317979386.55,444230,51353196.063,250563.475,190069,27046858.762,122517.627,253428,24297314.766,128018.099,341369,16523049.09,150452.731,166037,7491751.968,78512.785,175332,9029038.672,71929.613
2018,Tramo 1 Sin ventas/Sin info.,Sin Ventas/Sin Información,Sin Ventas/Sin Información,284671,0,795285,254847438.778,629716.805,422482,123238102.326,326896.351,370170,131600145.022,302802.622,284391,34843353.973,109729.906,131828,15012994.055,54176.207,152563,19825590.763,55546.032
2018,Tramo 5 hasta 5.000 UF,Pequeña 1,Pequeña,96790,336100774.41,486602,59256809.005,269074.129,180920,25648512.272,111191.293,304940,33597170.246,157852.419,248555,16289171.892,92885.171,115068,6950645.31,45983.047,133487,9335957.513,46896.874
2018,Tramo 6 hasta 10.000 UF,Pequeña 2,Pequeña,61535,432726202.5,627957,79811294.076,345587.508,227609,33165929.271,136974.946,399416,46636153.035,208572.644,262498,18813906.671,88695.579,118972,8007405.6,42481.211,143526,10800342.363,46205.535
2018,Tramo 18 más de 60.000.000 UF,Grande 4,Grande,40,8401488739.34,188316,142473419.214,158123.898,74306,34160039.85,61045.325,113569,108313108.594,97075.656,13820,1825378.53,4122.078,5524,520487.672,1529.415,8296,1301991.917,2590.997
2018,Tramo 3 hasta 600 UF,Micro 2,Micro,196958,73178955.29,107455,13646668.467,61227.891,49418,7154971.453,31400.573,57704,6487531.629,29817.068,148984,4745522.534,73467.874,76311,2194233.784,40026.979,72673,2549839.233,33439.312
2018,Tramo 16 hasta 30.000.000 UF,Grande 4,Grande,97,2031002816.22,187215,80025422.614,148636.308,80601,26476893.753,64631.656,105909,53534839.656,83999.319,77796,5531527.651,19759.39,40474,2239512.534,9526.486,37322,3291344.585,10230.07
2018,Tramo 2 hasta 200 UF,Micro 1,Micro,286481,21142918.13,118478,24886328.604,83695.312,77299,16350446.024,58155.737,40679,8532930.451,25534.325,146540,4837533.604,61146.954,81673,2281082.643,34395.308,64867,2555392.111,26749.23
2018,Tramo 17 hasta 60.000.000 UF,Grande 4,Grande,50,2063107532.96,92590,51255721.552,71320.738,37492,14656794.582,27521.744,54696,36596206.904,43794.493,13589,1735426.899,5059.996,6862,749288.207,2626.498,6727,986019.902,2432.164
2018,Tramo 8 hasta 50.000 UF,Mediana 1,Mediana,18258,637350822.77,736583,107340308.478,401063.059,252383,35847289.181,141311.852,482744,71484183.875,259719.123,263776,18566864.542,75663.41,112891,7070653.585,33138.878,150885,11493835.379,42518.032
2018,Tramo 11 hasta 200.000 UF,Grande 1,Grande,6130,857410099.06,722256,123360509.336,398713.899,253978,37572912.788,141328.935,466320,85777569.597,257365.881,190993,12295748.318,51258.184,84896,4409502.877,23466.137,106097,7883211.537,27789.463
2019,Tramo 7 hasta 25.000 UF,Pequeña 3,Pequeña,46518,721386120.79,978028,148710055.048,556186.844,341089,58885720.669,212103.092,635349,89815578.16,344053.003,343759,26422961.071,107603.133,147631,10609080.291,48904.034,196128,15812131.453,58696.6
2019,Tramo 4 hasta 2.400 UF,Micro 3,Micro,255623,322477469.58,451010,52159276.916,257118.643,189228,26858639.462,123587.628,261680,25293268.539,133517.181,349520,16900366.551,151476.478,170814,7833744.058,79485.7,178706,9064919.124,71985.279
2019,Tramo 6 hasta 10.000 UF,Pequeña 2,Pequeña,62265,437750332.1,612463,70957513.668,331489.677,209005,27401662.056,124044.951,402787,43551240.127,207422.809,255964,17967848.707,86036.415,115485,7552749.446,41137.545,140479,10412353.933,44892.203
2019,Tramo 14 hasta 3.000.000 UF,Grande 4,Grande,1422,2356198708.67,903581,227774612.675,581145.641,319188,65817341.345,214935.519,579997,161947714.051,366199.455,206361,14630104.559,71557.181,90036,5750839.755,33223.387,116325,8878503.681,38330.71
2019,Tramo 18 más de 60.000.000 UF,Grande 4,Grande,43,9140714723.63,194989,138088983.951,166277.318,77857,36468451.286,65364.16,116867,101620046.215,100911.158,14437,2096883.263,4492.828,5725,683212.095,1708.248,8712,1410687.02,2782.83
2019,Tramo 8 hasta 50.000 UF,Mediana 1,Mediana,18703,654666043.12,737695,114612652.992,417833.401,254461,39610516.554,150315.857,482011,74990575.82,267491.211,249575,18708418.134,73236.081,107973,7335268.554,32761.046,141602,11370912.186,40470.951
2019,Tramo 9 hasta 75.000 UF,Mediana 2,Mediana,6977,425441207.03,425123,72535069.79,238548.561,144492,23432984.925,84316.382,279819,49095331.398,154218.679,146256,10095182.314,40449.116,64347,3701707.853,17791.811,81909,6391535.945,22654.888
2019,Tramo 2 hasta 200 UF,Micro 1,Micro,306947,21840753.03,118545,35896880.867,88179.899,62664,17943878.363,48351.324,55660,17949358.436,39825.992,151016,5773227.812,64984.953,79346,2707435.157,35701.475,71670,3065774.483,29282.644
2019,Tramo 15 hasta 15.000.000 UF,Grande 4,Grande,669,4201776834.4,886988,290251904.969,612673,340275,85914892.708,237940.773,542651,204305276.881,374723.812,540494,17478395.886,252937.33,402874,8361009.149,203669.043,137620,9116551.11,49258.702
2019,Tramo 17 hasta 60.000.000 UF,Grande 4,Grande,48,2000854875.85,79495,48888161.112,62648.742,29596,11682456.885,22322.746,49404,37205453.969,40324.328,11491,1289855.356,4216.163,5738,540993.719,2206.415,5753,748808.677,2008.831
2019,Tramo 13 hasta 1.000.000 UF,Grande 3,Grande,1194,920867398.14,499070,99559588.5,290600.714,176798,28047090.87,105195.958,319761,71509278.575,185399.423,82707,6217152.828,25132.305,34059,2067961.497,10485.405,48648,4148540.158,14646.317
2019,Tramo 10 hasta 100.000 UF,Mediana 2,Mediana,3703,319977703.98,279425,47133292.512,155522.596,96935,14470094.855,54947.976,181888,32661159.976,100568.703,88548,6177030.865,25083.802,40983,2359153.245,11810.402,47565,3816313.46,13269.9
2019,Tramo 16 hasta 30.000.000 UF,Grande 4,Grande,92,1974205540.95,198681,79963724.796,157779.559,91368,28010696.566,72804.155,106911,51951930.217,84974.32,49787,5150882.431,15802.899,23990,2045801.3,7459.491,25797,3104320.305,8342.324
2019,Tramo 3 hasta 600 UF,Micro 2,Micro,201014,74669063.13,148737,23804944.069,98217.471,85472,15266544.353,62697.402,62966,8534564.43,35513.152,173311,6032660.972,79560.782,93733,2904242.771,44253.556,79578,3127389.955,35305.893
2019,Tramo 11 hasta 200.000 UF,Grande 1,Grande,6286,878478033.38,742464,132065930.116,413420.479,265422,40690116.575,148404.433,475361,91363227.821,265001.631,189665,12713009.843,50404.017,84352,4464686.582,22770.47,105313,8243809.467,27628.796
2019,Tramo 12 hasta 600.000 UF,Grande 2,Grande,5057,1700150031.49,1113808,205535015.897,617472.718,396122,58027690.503,216601.814,714052,147489000.447,400845.905,252061,17070767.541,74206.746,118877,6255699.561,36589.376,133184,10814136.367,37614.87
2019,Tramo 5 hasta 5.000 UF,Pequeña 1,Pequeña,98376,341443155.78,495500,58504538.241,271499.458,181920,25541817.297,112068.292,313364,32956999.515,159407.749,254373,16271282.56,95897.919,118471,7150005.706,47859.88,135902,9120664.058,48034.956
2019,Tramo 1 Sin ventas/Sin info.,Sin Ventas/Sin Información,Sin Ventas/Sin Información,294976,0,769173,252915180.392,627253.571,408468,125154101.682,329579.778,358037,127747807.744,297662.129,281889,33630646.484,107376.906,130339,14525210.387,52835.373,151550,19101674.834,54538.032
2020,Tramo 9 hasta 75.000 UF,Mediana 2,Mediana,7399,451932110.35,404701,66770519.096,225134.316,145312,22434203.609,82237.632,258788,44370939.172,142890.601,115204,9457755.235,31709.877,50214,3725631.398,14336.399,64990,5731539.519,17372.977
2020,Tramo 2 hasta 200 UF,Micro 1,Micro,343839,22822991,160971,46256055.761,120675.894,95068,25849083.66,75304.906,65282,20152861.619,45368.656,163872,6312020.107,57708.779,87177,3009554.838,31188.221,76695,3302434.518,26520.225
2020,Tramo 15 hasta 15.000.000 UF,Grande 4,Grande,643,3832949664.05,743210,249443898.594,523883.535,263117,68843625.962,191676.122,475392,180716103.245,332200.662,476163,15425419.05,233535.017,363705,7566708.041,191787.888,112458,7857591.294,41742.795
2020,Tramo 18 más de 60.000.000 UF,Grande 4,Grande,38,7266339059.58,156554,119723637.955,138940.903,64496,31895905.398,57060.578,91702,87838491.94,81879.243,9149,1568686.934,2780.83,3677,480231.099,1020.999,5472,1085137.244,1758.165
2020,Tramo 3 hasta 600 UF,Micro 2,Micro,197247,73051494.45,115043,11887380.908,61655.306,50110,6013198.146,29791.239,64828,5883917.836,31863.65,151352,5287408.964,63058.369,76633,2471728.532,33884.059,74719,2814976.722,29172.81
2020,Tramo 10 hasta 100.000 UF,Mediana 2,Mediana,3909,337531782.82,282607,54424321.455,163333.099,98250,17637801.872,58830.978,183940,36786757.095,104499.205,70413,6528525.547,19056.059,29264,2357354.099,7954.99,41149,4169272.526,11098.486
2020,Tramo 16 hasta 30.000.000 UF,Grande 4,Grande,85,1792577950.91,188211,79609971.124,152777.145,87399,27670268.336,70744.489,100338,51945229.216,82032.238,79456,4353330.094,16603.304,43562,1776247.711,8415.067,35894,2577064.841,8187.737
2020,Tramo 13 hasta 1.000.000 UF,Grande 3,Grande,1174,904178197.53,445277,95897244.466,271717.982,152697,26909466.604,95246.466,291399,69016863.705,176459.265,72676,5511636.125,20262.391,27651,2135005.551,8301.074,45025,3376290.756,11960.401
2020,Tramo 8 hasta 50.000 UF,Mediana 1,Mediana,19332,674366373.6,649662,103361164.304,365046.671,215012,34230544.945,126173.7,434699,69231584.064,238852.472,215971,17860568.653,61193.509,91091,6912667.326,26552.969,124880,10943410.446,34637.374
2020,Tramo 6 hasta 10.000 UF,Pequeña 2,Pequeña,61966,436199796.92,608775,78106751.839,330482.848,213807,33292836.542,129019.871,397009,44919155.661,201449.144,231815,20424309.504,78436.09,103619,8978429.339,37452.466,128196,11444739.904,40982.124
2020,Tramo 14 hasta 3.000.000 UF,Grande 4,Grande,1333,2173574066.6,841379,216355656.343,539544.485,316645,65727909.32,209043.767,521091,150553414.848,330480.886,183885,14745452.013,60019.52,82476,5781822.599,26426.721,101409,8963308.967,33591.299
2020,Tramo 12 hasta 600.000 UF,Grande 2,Grande,5251,1764934015.78,1037628,190063894.315,569934.487,371886,53344038.158,200523.904,664745,136729566.126,369401.749,207066,14857278.699,58545.26,94187,5152728.396,27901.134,112879,9700401.034,30639.627
2020,Tramo 1 Sin ventas/Sin info.,Sin Ventas/Sin Información,Sin Ventas/Sin Información,240023,0,693947,235933380.444,590515.182,361810,116970626.977,308102.297,330058,118991379.949,282407.884,222616,30929038.926,88868.927,107268,14270476.78,44841.048,115348,16657544.065,44025.629
2020,Tramo 11 hasta 200.000 UF,Grande 1,Grande,6437,898587489.28,676135,118577489.64,371246.912,243426,36567623.801,134507.273,430999,81992212.005,236715.39,154999,11561099.584,40848.445,66488,4054189.809,17579.893,88511,7506008.698,23267.386
2020,Tramo 4 hasta 2.400 UF,Micro 3,Micro,247147,311874689.31,490305,62267983.87,276256.97,211122,33286408.475,136247.794,278858,29004979.091,139996.677,333780,18526635.002,132097.811,162132,8594370.636,68677.033,171648,9931370.438,63418.195
2020,Tramo 17 hasta 60.000.000 UF,Grande 4,Grande,56,2244535123.49,144437,66678840.359,103366.639,62932,18154316.7,41005.902,80732,48533336.286,62360.321,11571,1397020.207,3768.579,5829,546488.455,1990.081,5742,850531.741,1778.498
2020,Tramo 7 hasta 25.000 UF,Pequeña 3,Pequeña,47169,733731632.23,940123,155715350.655,539013.609,342892,65102092.447,212525.762,598157,90730228.153,326465.932,313192,28988268.375,97383.893,136211,12397154.932,44608.87,176981,16588314.693,52772.189
2020,Tramo 5 hasta 5.000 UF,Pequeña 1,Pequeña,96889,336387977.48,455365,46599218.474,234034.048,157272,18573212.62,88376.713,299431,28121944.68,145645.752,228972,15605890.638,79827.176,103801,6760657.957,38908.883,125171,8844947.225,40916.459
